AA	Codon	scaled omega
A	GCA	0.000469596798743112
A	GCC	5.34474757019431e-05
A	GCG	0.000764020433741284
C	TGC	0.000361746298565372
D	GAC	-9.43718067120895e-05
E	GAA	-0.000287391180290707
F	TTC	-0.000109665999692165
G	GGA	0.000381533888996576
G	GGC	-5.89225589225588e-05
G	GGG	0.000647206893213284
H	CAC	-0.000115400484810975
I	ATA	0.000675569335368829
I	ATC	6.91549829480863e-05
K	AAA	0.000207571414450924
L	CTA	0.000147569444444444
L	CTC	0.00147235576923077
L	CTG	0.000147569444444444
L	CTT	0.00248485442817294
L	TTA	9.91494648318045e-05
N	AAC	-0.000101249865894218
P	CCA	-0.000638465634472025
P	CCC	0.000445059049798927
P	CCG	-0.000638465634472025
Q	CAA	-0.0014252591380251
R	AGA	-0.000448475390819201
R	AGG	0.000859664144064524
R	CGA	0.000332101697897422
R	CGC	0.000332101697897422
R	CGG	0.0010087398745356
S	TCA	0.00023179945054945
S	TCC	6.20039682539676e-05
S	TCG	0.00149095695970696
T	ACA	0.000255682861444676
T	ACC	7.95361247947449e-05
T	ACG	0.00145888594164456
V	GTA	0.000669188365971958
V	GTC	7.20792244693301e-05
V	GTG	0.000741546460616345
Y	TAC	-9.33257918552042e-05
Z	AGC	-0.000255089239415888
